Date,Soy oil
1/1/2010,37.18
1/4/2010,37.73
1/5/2010,37.54
1/6/2010,37.7
1/7/2010,36.62
1/8/2010,36.49
1/11/2010,36.18
1/12/2010,35.26
1/13/2010,35.64
1/14/2010,35.28
1/15/2010,34.28
1/18/2010,34.28
1/19/2010,33.9
1/20/2010,33.32
1/21/2010,33.75
1/22/2010,33.46
1/25/2010,33.25
1/26/2010,33.52
1/27/2010,33.07
1/28/2010,32.9
1/29/2010,32.9
2/1/2010,32.94
2/2/2010,34.22
2/3/2010,33.4
2/4/2010,33.71
2/5/2010,33.5
2/8/2010,34.45
2/9/2010,34.88
2/10/2010,34.77
2/11/2010,34.64
2/12/2010,34.34
2/15/2010,34.34
2/16/2010,35.45
2/17/2010,35.25
2/18/2010,35.2
2/19/2010,35.02
2/22/2010,35.33
2/23/2010,34.81
2/24/2010,35.8
2/25/2010,35.28
2/26/2010,36.04
3/1/2010,36.25
3/2/2010,36.56
3/3/2010,36.77
3/4/2010,36.38
3/5/2010,36.47
3/8/2010,36.7
3/9/2010,36.72
3/10/2010,37.77
3/11/2010,36.86
3/12/2010,36.3
3/15/2010,35.5
3/16/2010,36.12
3/17/2010,36.71
3/18/2010,36.13
3/19/2010,36.3
3/22/2010,36.72
3/23/2010,36.54
3/24/2010,36.21
3/25/2010,35.95
3/26/2010,36.2
3/29/2010,36.52
3/30/2010,35.82
3/31/2010,35.56
4/1/2010,36.36
4/2/2010,36.36
4/5/2010,36.85
4/6/2010,37.27
4/7/2010,37.66
4/8/2010,37.55
4/9/2010,37.67
4/12/2010,37.44
4/13/2010,37.59
4/14/2010,37.71
4/15/2010,37.92
4/16/2010,37.65
4/19/2010,36.78
4/20/2010,36.92
4/21/2010,36.75
4/22/2010,36.89
4/23/2010,37.15
4/26/2010,37.09
4/27/2010,36.92
4/28/2010,36.29
4/29/2010,36.55
4/30/2010,36.33
5/3/2010,36.4
5/4/2010,36.11
5/5/2010,36.68
5/6/2010,35.87
5/7/2010,36.19
5/10/2010,36.14
5/11/2010,36.07
5/12/2010,36.18
5/13/2010,35.8
5/14/2010,35.26
5/17/2010,34.88
5/18/2010,34.94
5/19/2010,34.75
5/20/2010,34.64
5/21/2010,34.21
5/24/2010,34.77
5/25/2010,34.42
5/26/2010,34.85
5/27/2010,35.26
5/28/2010,34.69
5/31/2010,34.69
6/1/2010,34.6
6/2/2010,34.5
6/3/2010,34.74
6/4/2010,33.86
6/7/2010,33.55
6/8/2010,33.75
6/9/2010,33.95
6/10/2010,33.95
6/11/2010,34.1
6/14/2010,34.59
6/15/2010,35.01
6/16/2010,35.46
6/17/2010,35.38
6/18/2010,35.25
6/21/2010,35.38
6/22/2010,35.26
6/23/2010,34.92
6/24/2010,34.5
6/25/2010,34.49
6/28/2010,34.27
6/29/2010,33.26
6/30/2010,33.61
7/1/2010,33.12
7/2/2010,33.26
7/5/2010,33.26
7/6/2010,33.09
7/7/2010,33.94
7/8/2010,33.99
7/9/2010,34.51
7/12/2010,34.63
7/13/2010,35.05
7/14/2010,35.24
7/15/2010,35.72
7/16/2010,35.44
7/19/2010,35.09
7/20/2010,35.45
7/21/2010,35.31
7/22/2010,35.95
7/23/2010,36.12
7/26/2010,35.85
7/27/2010,35.61
7/28/2010,35.89
7/29/2010,36.32
7/30/2010,36.88
8/2/2010,37.49
8/3/2010,38
8/4/2010,38.29
8/5/2010,38.26
8/6/2010,38.32
8/9/2010,38.65
8/10/2010,38.39
8/11/2010,38.7
8/12/2010,38.14
8/13/2010,39.45
8/16/2010,38.38
8/17/2010,38.52
8/18/2010,37.74
8/19/2010,36.77
8/20/2010,36.4
8/23/2010,36.13
8/24/2010,36.36
8/25/2010,36.02
8/26/2010,36.37
8/27/2010,37.08
8/30/2010,36.83
8/31/2010,36.36
9/1/2010,36.6
9/2/2010,36.66
9/3/2010,37.32
9/6/2010,37.32
9/7/2010,38.26
9/8/2010,38.09
9/9/2010,38.07
9/10/2010,38.24
9/13/2010,38.3
9/14/2010,38.26
9/15/2010,38.64
9/16/2010,38.39
9/17/2010,38.94
9/20/2010,39.68
9/21/2010,39.45
9/22/2010,39.95
9/23/2010,40.59
9/24/2010,41.56
9/27/2010,41.73
9/28/2010,41.71
9/29/2010,41.21
9/30/2010,41.85
10/1/2010,40.64
10/4/2010,40.18
10/5/2010,40.62
10/6/2010,40.83
10/7/2010,41.17
10/8/2010,43.67
10/11/2010,43.4
10/12/2010,44
10/13/2010,44.58
10/14/2010,45.02
10/15/2010,44.77
10/18/2010,44.66
10/19/2010,44.1
10/20/2010,45.47
10/21/2010,45.12
10/22/2010,45.05
10/25/2010,46.22
10/26/2010,46.28
10/27/2010,46.3
10/28/2010,46.45
10/29/2010,46
11/1/2010,46.45
11/2/2010,46.33
11/3/2010,46.55
11/4/2010,47.9
11/5/2010,48.87
11/8/2010,48.66
11/9/2010,50.05
11/10/2010,50.6
11/11/2010,51.68
11/12/2010,49.18
11/15/2010,49.12
11/16/2010,46.62
11/17/2010,45.54
11/18/2010,47.52
11/19/2010,45.56
11/22/2010,45.78
11/23/2010,45.82
11/24/2010,46.74
11/26/2010,46.74
11/29/2010,46.37
11/30/2010,47.15
12/1/2010,49
12/2/2010,49.22
12/3/2010,49.83
12/6/2010,49.88
12/7/2010,50.14
12/8/2010,50.81
12/9/2010,50.78
12/10/2010,50.79
12/13/2010,52.08
12/14/2010,51.72
12/15/2010,50.93
12/16/2010,50.8
12/17/2010,50.86
12/20/2010,51.71
12/21/2010,52.29
12/22/2010,52.8
12/23/2010,53.42
12/24/2010,53.42
12/27/2010,53.98
12/28/2010,53.65
12/29/2010,53.38
12/30/2010,53.61
12/31/2010,53.61
1/3/2011,53.97
1/4/2011,53.21
1/5/2011,54.39
1/6/2011,54.04
1/7/2011,53.45
1/10/2011,53.76
1/11/2011,53.24
1/12/2011,54.5
1/13/2011,54.34
1/14/2011,53.9
1/17/2011,53.9
1/18/2011,54.18
1/19/2011,54.27
1/20/2011,53.84
1/21/2011,54.14
1/24/2011,53.76
1/25/2011,52.36
1/26/2011,53.28
1/27/2011,53.99
1/28/2011,53.85
1/31/2011,54.46
2/1/2011,55.3
2/2/2011,55.83
2/3/2011,55.46
2/4/2011,55.66
2/7/2011,55.09
2/8/2011,55.45
2/9/2011,56.42
2/10/2011,55.72
2/11/2011,55.17
2/14/2011,54.37
2/15/2011,53.22
2/16/2011,53.34
2/17/2011,54.98
2/18/2011,53.17
2/22/2011,50.72
2/23/2011,51.75
2/24/2011,51.34
2/25/2011,53.68
2/28/2011,53.5
3/1/2011,53.8
3/2/2011,55.93
3/3/2011,55.87
3/4/2011,56.61
3/7/2011,56.2
3/8/2011,55.58
3/9/2011,54.25
3/10/2011,54.06
3/11/2011,53.03
3/14/2011,52.51
3/15/2011,50.01
3/16/2011,49.96
3/17/2011,51.52
3/18/2011,52.77
3/21/2011,53.31
3/22/2011,53.29
3/23/2011,53.36
3/24/2011,54.25
3/25/2011,54.97
3/28/2011,54.66
3/29/2011,55.15
3/30/2011,55.62
3/31/2011,57.08
4/1/2011,56.98
4/4/2011,57.18
4/5/2011,57.15
4/7/2011,56.87
4/8/2011,58.4
4/11/2011,57.45
4/12/2011,55.87
4/13/2011,56.01
4/14/2011,55.52
4/15/2011,55.49
4/18/2011,56.04
4/19/2011,56.18
4/20/2011,56.79
4/21/2011,56.92
4/22/2011,56.92
4/25/2011,56.86
4/26/2011,56.7
4/27/2011,56.64
4/28/2011,55.33
4/29/2011,57.26
5/2/2011,57.32
5/3/2011,56.4
5/4/2011,56.07
5/5/2011,54.73
5/6/2011,54.69
5/9/2011,55.29
5/10/2011,55.8
5/11/2011,55.3
5/12/2011,55.46
5/13/2011,55.14
5/16/2011,54.91
5/17/2011,55.04
5/18/2011,56.3
5/19/2011,56.46
5/20/2011,56.46
5/23/2011,56.22
5/24/2011,56.48
5/25/2011,56.96
5/26/2011,57.7
5/27/2011,57.61
5/30/2011,57.61
5/31/2011,57.49
6/1/2011,57.43
6/2/2011,57.91
6/3/2011,57.66
6/6/2011,56.96
6/7/2011,56.86
6/8/2011,56.87
6/9/2011,56.33
6/10/2011,55.78
6/13/2011,55.82
6/14/2011,55.85
6/15/2011,56.05
6/16/2011,55.32
6/17/2011,54.92
6/20/2011,55.02
6/21/2011,55.6
6/22/2011,55.15
6/23/2011,54.15
6/24/2011,54.22
6/27/2011,53.91
6/28/2011,54.34
6/29/2011,54.83
6/30/2011,54.04
7/1/2011,54.16
7/4/2011,54.16
7/5/2011,54.1
7/6/2011,54.43
7/7/2011,55.61
7/8/2011,55.32
7/11/2011,55.32
7/12/2011,55.4
7/13/2011,56.18
7/14/2011,55.94
7/15/2011,55.98
7/18/2011,55.55
7/19/2011,55.32
7/20/2011,55.4
7/21/2011,55.11
7/22/2011,55.14
7/25/2011,54.73
7/26/2011,55.22
7/27/2011,55.28
7/28/2011,54.64
7/29/2011,54.53
8/1/2011,55.03
8/2/2011,55.97
8/3/2011,55.16
8/4/2011,53.93
8/5/2011,53.78
8/8/2011,52.7
8/9/2011,51.91
8/10/2011,51.88
8/11/2011,52.85
8/12/2011,52.91
8/15/2011,53.66
8/16/2011,53.75
8/17/2011,54.4
8/18/2011,54.02
8/19/2011,54.27
8/22/2011,54.48
8/24/2011,54.53
8/25/2011,54.48
8/26/2011,55.48
8/29/2011,56.75
8/30/2011,56.95
8/31/2011,57.55
9/1/2011,56.96
9/2/2011,56.99
9/5/2011,56.99
9/6/2011,56.94
9/7/2011,57.68
9/8/2011,57.58
9/9/2011,57.97
9/12/2011,56.89
9/13/2011,56.65
9/14/2011,56.41
9/15/2011,55.97
9/16/2011,56.3
9/19/2011,55.28
9/20/2011,55.06
9/21/2011,55.29
9/22/2011,53.93
9/23/2011,52.65
9/26/2011,52.47
9/27/2011,52.82
9/28/2011,51.8
9/29/2011,51.88
9/30/2011,50.2
10/3/2011,50.01
10/4/2011,49.04
10/5/2011,49.7
10/6/2011,49.64
10/7/2011,49.95
10/10/2011,50.74
10/11/2011,52.81
10/12/2011,52.49
10/13/2011,53.07
10/14/2011,54.17
10/17/2011,53.53
10/18/2011,53.33
10/19/2011,52.11
10/20/2011,51.89
10/21/2011,51.75
10/24/2011,52.29
10/25/2011,52
10/26/2011,51.39
10/27/2011,52.61
10/28/2011,52.27
10/31/2011,51.67
11/1/2011,51.43
11/2/2011,51.48
11/3/2011,52.66
11/4/2011,52.5
11/7/2011,51.83
11/8/2011,52.48
11/9/2011,51.62
11/10/2011,51.15
11/11/2011,51.61
11/14/2011,51.85
11/15/2011,53.23
11/16/2011,53.03
11/17/2011,51.95
11/18/2011,51.43
11/21/2011,50.44
11/22/2011,51.33
11/23/2011,49.87
11/28/2011,49.41
11/29/2011,49.73
11/30/2011,49.77
12/1/2011,50.02
12/2/2011,50.7
12/5/2011,50.7
12/6/2011,50.61
12/7/2011,50.73
12/8/2011,50.45
12/9/2011,49.6
12/12/2011,49.32
12/13/2011,49.25
12/14/2011,48.4
12/15/2011,48.98
12/16/2011,49.55
12/19/2011,49.05
12/20/2011,49.38
12/21/2011,49.33
12/22/2011,50.33
12/23/2011,50.84
12/26/2011,50.84
12/27/2011,51.72
12/28/2011,51.66
12/29/2011,51.02
12/30/2011,51.97
1/2/2012,51.97
1/3/2012,52.68
1/4/2012,52.66
1/5/2012,51.69
1/6/2012,50.75
1/9/2012,51.96
1/10/2012,52.13
1/11/2012,51.52
1/12/2012,50.96
1/13/2012,49.79
1/16/2012,49.79
1/17/2012,50.27
1/18/2012,49.78
1/19/2012,50.44
1/20/2012,49.81
1/23/2012,50.92
1/24/2012,50.85
1/25/2012,50.89
1/26/2012,51.44
1/27/2012,51.09
1/30/2012,49.75
1/31/2012,50.37
2/1/2012,50.68
2/2/2012,50.69
2/3/2012,51.15
2/6/2012,51.54
2/7/2012,51.42
2/8/2012,51.76
2/9/2012,51.72
2/10/2012,51.83
2/13/2012,52.3
2/14/2012,52.27
2/15/2012,52.6
2/16/2012,52.3
2/17/2012,52.65
2/20/2012,52.65
2/21/2012,53.31
2/22/2012,53.45
2/23/2012,53.43
2/24/2012,53.52
2/27/2012,53.69
2/28/2012,53.65
2/29/2012,53.19
3/1/2012,53.04
3/2/2012,52.86
3/5/2012,52.51
3/6/2012,52.02
3/7/2012,51.98
3/8/2012,52.39
3/9/2012,53.27
3/12/2012,52.96
3/13/2012,53.87
3/14/2012,53.8
3/15/2012,54.48
3/16/2012,54.5
3/19/2012,54.4
3/20/2012,53.33
3/21/2012,53.51
3/22/2012,53.09
3/23/2012,54.01
3/26/2012,54.56
3/27/2012,54.23
3/28/2012,53.75
3/29/2012,52.74
3/30/2012,54.25
4/2/2012,55.31
4/3/2012,55.05
4/4/2012,55.02
4/5/2012,55.64
4/6/2012,55.64
4/9/2012,55.71
4/10/2012,55.97
4/11/2012,55.45
4/12/2012,56.23
4/13/2012,55.52
4/16/2012,54.66
4/17/2012,54.76
4/18/2012,54.19
4/19/2012,54.17
4/20/2012,54.83
4/23/2012,54.09
4/24/2012,54.29
4/25/2012,55.03
4/26/2012,54.75
4/27/2012,54.53
4/30/2012,54.05
5/1/2012,53.91
5/2/2012,53.71
5/3/2012,53.16
5/4/2012,52.65
5/7/2012,52.58
5/8/2012,52.27
5/9/2012,51.95
5/10/2012,52.63
5/11/2012,51.37
5/14/2012,50.43
5/15/2012,50.6
5/16/2012,49.56
5/17/2012,49.85
5/18/2012,49.45
5/21/2012,50.05
5/22/2012,49.59
5/23/2012,47.91
5/24/2012,48.42
5/25/2012,49.12
5/28/2012,49.12
5/29/2012,49.17
5/30/2012,48.69
5/31/2012,48.2
6/1/2012,47.59
6/4/2012,47.31
6/5/2012,47.5
6/6/2012,48.25
6/7/2012,49.39
6/8/2012,48.46
6/11/2012,48.74
6/12/2012,48.72
6/13/2012,48.1
6/14/2012,47
6/15/2012,47.44
6/18/2012,47.76
6/19/2012,49.44
6/20/2012,49.44
6/21/2012,48.44
6/22/2012,48.37
6/25/2012,49.9
6/26/2012,49.51
6/27/2012,49.99
6/28/2012,49.55
6/29/2012,50.84
7/2/2012,50.81
7/3/2012,51.58
7/4/2012,51.58
7/5/2012,52.96
7/6/2012,52.07
7/9/2012,53.19
7/10/2012,52.92
7/11/2012,52.37
7/12/2012,51.89
7/13/2012,52.25
7/16/2012,53.2
7/18/2012,52.51
7/19/2012,52.9
7/20/2012,52.86
7/23/2012,52.25
7/24/2012,50.08
7/25/2012,50.97
7/26/2012,50.41
7/27/2012,50.77
7/30/2012,51.3
7/31/2012,51.28
8/1/2012,50.46
8/2/2012,50.27
8/3/2012,50.77
8/6/2012,50.21
8/7/2012,50.02
8/8/2012,50.31
8/9/2012,51.12
8/10/2012,52.33
8/13/2012,51.83
8/14/2012,51.52
8/15/2012,51.82
8/16/2012,51.79
8/17/2012,51.86
8/20/2012,52.64
8/21/2012,54.32
8/22/2012,54.92
8/23/2012,54.87
8/24/2012,54.99
8/27/2012,54.66
8/28/2012,54.48
8/29/2012,55.39
8/30/2012,55.34
8/31/2012,55.17
9/3/2012,55.17
9/4/2012,56.32
9/5/2012,56.11
9/6/2012,55.53
9/7/2012,54.82
9/10/2012,54.71
9/11/2012,54.06
9/12/2012,54.82
9/13/2012,55.35
9/14/2012,55.72
9/17/2012,53.73
9/18/2012,53.66
9/19/2012,54.58
9/20/2012,53.38
9/21/2012,53.2
9/24/2012,52.51
9/25/2012,51.84
9/26/2012,50.35
9/27/2012,50.86
9/28/2012,50.93
10/1/2012,49.47
10/2/2012,49.02
10/3/2012,49.08
10/4/2012,49.79
10/5/2012,49.54
10/8/2012,49.28
10/9/2012,49.6
10/10/2012,49.06
10/11/2012,49.76
10/12/2012,49.1
10/15/2012,48.44
10/16/2012,48.9
10/17/2012,49.46
10/18/2012,50.73
10/19/2012,50.01
10/22/2012,50.09
10/23/2012,49.7
10/24/2012,49.97
10/25/2012,49.58
10/26/2012,49.09
10/29/2012,48.31
10/30/2012,48.22
10/31/2012,48.04
11/1/2012,48.31
11/2/2012,47.14
11/5/2012,46.2
11/6/2012,46.56
11/7/2012,46.5
11/8/2012,46.65
11/12/2012,45.27
11/13/2012,44.9
11/14/2012,45.3
11/15/2012,45.09
11/16/2012,44.68
11/19/2012,45.52
11/20/2012,45.95
11/21/2012,46.16
11/26/2012,46.65
11/27/2012,47.5
11/28/2012,47.49
11/29/2012,47.15
11/30/2012,46.79
12/3/2012,47.28
12/4/2012,47.12
12/5/2012,48.38
12/6/2012,48.25
12/7/2012,48.51
12/10/2012,48.53
12/11/2012,47.58
12/12/2012,47.29
12/13/2012,46.75
12/14/2012,47.74
12/17/2012,47.54
12/18/2012,46.92
12/19/2012,46.16
12/20/2012,45.66
12/21/2012,46.46
12/25/2012,46.46
12/26/2012,46.04
12/27/2012,46.04
12/28/2012,46.69
12/31/2012,46.86
1/2/2013,48.35
1/3/2013,48.04
1/4/2013,47.25
1/7/2013,47.28
1/9/2013,47.5
1/10/2013,47.63
1/11/2013,47.12
1/14/2013,48.33
1/15/2013,48.75
1/16/2013,49.19
1/17/2013,49.37
1/18/2013,49.56
1/21/2013,49.56
1/22/2013,50.31
1/23/2013,49.91
1/24/2013,49.99
1/25/2013,49.98
1/28/2013,49.77
1/29/2013,49.59
1/30/2013,50.48
1/31/2013,50.74
2/1/2013,50.87
2/4/2013,50.99
2/5/2013,50.86
2/6/2013,50.33
2/7/2013,49.73
2/8/2013,49.31
2/11/2013,49.12
2/12/2013,48.98
2/13/2013,49.54
2/14/2013,49.58
2/15/2013,49.5
2/19/2013,50.41
2/20/2013,50.25
2/21/2013,49.49
2/22/2013,48.53
2/25/2013,48.25
2/26/2013,47.2
2/27/2013,47.45
2/28/2013,47
3/1/2013,47.85
3/4/2013,48.43
3/5/2013,48.3
3/6/2013,48.44
3/7/2013,48.78
3/8/2013,48.54
3/11/2013,48.62
3/12/2013,48.21
3/13/2013,47.9
3/14/2013,47.72
3/15/2013,48.29
3/18/2013,48.06
3/19/2013,47.86
3/20/2013,48.84
3/21/2013,49.42
3/22/2013,49.43
3/25/2013,49.44
3/26/2013,49.82
3/27/2013,49.57
3/28/2013,48.86
4/1/2013,49.81
4/2/2013,49.34
4/3/2013,48.9
4/4/2013,48.43
4/5/2013,48.71
4/8/2013,49.4
4/9/2013,49.86
4/10/2013,50.16
4/11/2013,49.9
4/12/2013,49.36
4/15/2013,48.31
4/16/2013,49.11
4/17/2013,49.42
4/18/2013,49.69
4/19/2013,49.19
4/22/2013,48.65
4/23/2013,48.6
4/24/2013,49.21
4/25/2013,49.8
4/26/2013,49.69
4/29/2013,49.49
4/30/2013,49.16
5/1/2013,48.89
5/2/2013,48.67
5/3/2013,49.41
5/6/2013,48.94
5/7/2013,49.34
5/8/2013,49.07
5/9/2013,49.47
5/10/2013,49.48
5/13/2013,49.86
5/14/2013,50.01
5/15/2013,49.6
5/16/2013,49.77
5/17/2013,49.77
5/20/2013,49.45
5/21/2013,49.73
5/22/2013,49.77
5/23/2013,49.59
5/24/2013,49.17
5/27/2013,49.17
5/28/2013,49.47
5/29/2013,48.56
5/30/2013,48.51
5/31/2013,48.31
6/3/2013,48.59
6/4/2013,48.52
6/5/2013,48.23
6/6/2013,47.79
6/7/2013,48.16
6/10/2013,47.7
6/11/2013,47.67
6/12/2013,47.74
6/13/2013,47.47
6/14/2013,48.38
6/17/2013,48.74
6/18/2013,48.69
6/19/2013,49.23
6/20/2013,48.28
6/21/2013,47.9
6/24/2013,47.55
6/25/2013,47.14
6/26/2013,46.51
6/27/2013,46.28
6/28/2013,46.25
7/1/2013,46.68
7/2/2013,46.75
7/3/2013,47.05
7/5/2013,47.06
7/8/2013,46.84
7/9/2013,46.91
7/10/2013,46.85
7/11/2013,46.36
7/12/2013,46.05
7/15/2013,45.67
7/16/2013,45.54
7/17/2013,45.62
7/18/2013,45.35
7/19/2013,45.33
7/22/2013,45.24
7/23/2013,44.61
7/24/2013,43.96
7/25/2013,43.51
7/26/2013,43.28
7/29/2013,42.17
7/30/2013,41.81
7/31/2013,41.67
8/1/2013,41.97
8/2/2013,41.86
8/5/2013,42.2
8/6/2013,41.59
8/7/2013,41.24
8/8/2013,41.25
8/9/2013,41
8/12/2013,41.92
8/13/2013,42.18
8/14/2013,41.84
8/15/2013,42.62
8/16/2013,42.31
8/19/2013,42.95
8/20/2013,42.23
8/21/2013,42.15
8/22/2013,41.76
8/23/2013,42.02
8/26/2013,43.82
8/27/2013,43.56
8/28/2013,43.94
8/29/2013,43.41
8/30/2013,43.52
9/2/2013,43.52
9/3/2013,43.45
9/4/2013,43.19
9/5/2013,42.82
9/6/2013,42.99
9/9/2013,42.44
9/10/2013,42.36
9/11/2013,42.47
9/12/2013,42.53
9/13/2013,42.09
9/16/2013,41.88
9/17/2013,41.75
9/18/2013,42.22
9/19/2013,42.46
9/20/2013,41.84
9/23/2013,41.72
9/24/2013,41.59
9/25/2013,41.32
9/26/2013,41.54
9/27/2013,41.26
9/30/2013,40.58
10/18/2013,40.31
10/21/2013,40.52
10/22/2013,40.4
10/23/2013,40.38
10/24/2013,40.13
10/25/2013,39.36
10/28/2013,38.99
10/29/2013,39.6
10/30/2013,40.25
10/31/2013,40.21
11/1/2013,40.59
11/4/2013,40.25
11/5/2013,40.15
11/6/2013,40.02
11/7/2013,39.62
11/8/2013,39.12
11/11/2013,39.3
11/12/2013,39.63
11/13/2013,39.84
11/14/2013,39.85
11/15/2013,39.35
11/18/2013,38.99
11/19/2013,38.74
11/20/2013,39.07
11/21/2013,40.29
11/22/2013,39.91
11/25/2013,39.41
11/26/2013,39.1
11/27/2013,38.75
12/2/2013,39.09
12/3/2013,38.65
12/4/2013,38.27
12/5/2013,38.51
12/6/2013,38.41
12/9/2013,38.18
12/10/2013,38.04
12/11/2013,38.53
12/12/2013,38.12
12/13/2013,37.96
12/16/2013,37.88
12/17/2013,37.44
12/18/2013,36.81
12/19/2013,37.08
12/23/2013,37.03
12/24/2013,36.85
12/26/2013,36.62
12/27/2013,36.77
12/30/2013,36.37
12/31/2013,36.57
1/2/2014,36.18
1/3/2014,35.98
1/6/2014,35.5
1/7/2014,35.31
1/8/2014,35.06
1/9/2014,35.34
1/10/2014,35.61
1/13/2014,35.22
1/14/2014,35.14
1/15/2014,35.37
1/16/2014,34.93
1/17/2014,34.62
1/21/2014,34.98
1/22/2014,34.72
1/23/2014,34.74
1/24/2014,34.47
1/27/2014,33.99
1/28/2014,34.33
1/29/2014,34.03
1/30/2014,34
1/31/2014,34.57
2/3/2014,34.38
2/4/2014,34.64
2/5/2014,35.16
2/6/2014,35.71
2/7/2014,35.61
2/10/2014,35.78
2/11/2014,35.9
2/12/2014,36.32
2/13/2014,36.87
2/14/2014,36.48
2/18/2014,37.69
2/19/2014,37.69
2/20/2014,38.52
2/21/2014,39.03
2/24/2014,38.83
2/25/2014,38.66
2/26/2014,39.28
2/27/2014,38.98
2/28/2014,39.6
3/3/2014,40.19
3/4/2014,41.54
3/5/2014,41.73
3/6/2014,43.04
3/7/2014,42.87
3/10/2014,42.41
3/11/2014,42.3
3/12/2014,42.05
3/13/2014,41.62
3/14/2014,40.92
3/17/2014,40.52
3/18/2014,40.9
3/19/2014,40.73
3/20/2014,39.94
3/21/2014,39.65
3/24/2014,39.59
3/25/2014,39.62
3/26/2014,39.61
3/27/2014,39.31
3/28/2014,39.36
3/31/2014,39.3
4/1/2014,40.53
4/2/2014,39.98
4/3/2014,40.8
4/4/2014,40.7
4/7/2014,40.56
4/8/2014,41.24
4/9/2014,42.41
4/10/2014,42
4/11/2014,41.6
4/14/2014,41.76
4/15/2014,42.33
4/16/2014,43.21
4/17/2014,43.16
4/21/2014,42.75
4/22/2014,42.49
4/23/2014,42.25
4/24/2014,42.34
4/25/2014,42.67
4/28/2014,42.37
4/29/2014,42.52
4/30/2014,41.63
5/1/2014,41.29
5/2/2014,41.64
5/5/2014,41.3
5/6/2014,41.24
5/7/2014,40.96
5/8/2014,41.25
5/9/2014,41.31
5/12/2014,41.11
5/13/2014,41.34
5/14/2014,41.51
5/15/2014,41.17
5/16/2014,40.88
5/19/2014,40.55
5/20/2014,40.2
5/21/2014,40.35
5/22/2014,40.74
5/23/2014,40.26
5/27/2014,39.82
5/28/2014,39.51
5/29/2014,39.41
5/30/2014,38.5
6/2/2014,38.31
6/3/2014,38.35
6/4/2014,39.25
6/5/2014,38.69
6/6/2014,39.39
6/9/2014,39.66
6/10/2014,39.32
6/11/2014,38.8
6/12/2014,38.96
6/13/2014,40.07
6/16/2014,39.88
6/17/2014,40.06
6/18/2014,40.51
6/19/2014,40.99
6/20/2014,40.51
6/23/2014,41.06
6/24/2014,41.35
6/25/2014,41.03
6/27/2014,40.36
6/30/2014,39.23
7/1/2014,39.25
7/2/2014,38.85
7/3/2014,38.94
7/4/2014,38.94
7/7/2014,38.74
7/8/2014,38.18
7/10/2014,38.23
7/11/2014,37.52
7/14/2014,37.63
7/15/2014,37.65
7/16/2014,37.58
7/17/2014,37.12
7/18/2014,37.32
7/21/2014,36.89
7/22/2014,36.68
7/24/2014,36.99
7/25/2014,36.84
7/28/2014,37.27
7/29/2014,37
7/30/2014,37.05
7/31/2014,37.11
8/1/2014,36.45
8/4/2014,37.15
8/5/2014,36.6
8/6/2014,36.61
8/7/2014,36.45
8/8/2014,36.27
8/11/2014,35.67
8/12/2014,35.39
8/13/2014,35.23
8/14/2014,34.76
8/15/2014,34.12
8/18/2014,34.21
8/19/2014,33.91
8/20/2014,34.36
8/21/2014,34.28
8/22/2014,33.86
8/25/2014,34.22
8/26/2014,34.53
8/27/2014,34.17
8/28/2014,34.14
8/29/2014,33.54
9/2/2014,33.51
9/3/2014,33.23
9/4/2014,33.47
9/5/2014,33.85
9/8/2014,33.53
9/9/2014,33.09
9/10/2014,33.38
9/11/2014,33.25
9/12/2014,34.3
9/15/2014,35.02
9/16/2014,34.56
9/17/2014,35.14
9/18/2014,34.47
9/19/2014,34.21
9/22/2014,33.75
9/23/2014,33.98
9/24/2014,34.37
9/25/2014,34.37
9/26/2014,33.67
9/29/2014,34.54
9/30/2014,34.02
10/1/2014,34.66
10/2/2014,34.67
10/3/2014,34.29
10/6/2014,35.32
10/7/2014,34.96
10/8/2014,34.52
10/9/2014,34.51
10/10/2014,33.94
10/14/2014,34.37
10/15/2014,33.11
10/16/2014,33.49
10/17/2014,33.15
10/20/2014,32.83
10/21/2014,32.89
10/22/2014,33.14
10/23/2014,33.67
10/24/2014,33.39
10/27/2014,33.23
10/28/2014,33.78
10/29/2014,35.18
10/30/2014,35.31
10/31/2014,35.8
11/3/2014,35.03
11/4/2014,34.07
11/5/2014,33.32
11/6/2014,33.16
11/7/2014,33.03
11/10/2014,32.99
11/12/2014,32.85
11/13/2014,32.7
11/14/2014,32.83
11/17/2014,33.08
11/18/2014,33.28
11/19/2014,33.26
11/20/2014,33.42
11/21/2014,33.44
11/24/2014,33.95
11/25/2014,34.17
11/26/2014,34.11
12/1/2014,32.85
12/2/2014,31.8
12/3/2014,32.36
12/4/2014,32.1
12/5/2014,32.51
12/8/2014,32.27
12/9/2014,32.41
12/10/2014,32.55
12/11/2014,32.82
12/12/2014,33.16
12/15/2014,33.07
12/16/2014,32.57
12/17/2014,32.32
12/18/2014,32.44
12/19/2014,32.52
12/22/2014,32.59
12/23/2014,32.77
12/24/2014,32.18
12/26/2014,32.71
12/29/2014,33.04
12/30/2014,33.14
12/31/2014,32.22
1/2/2015,32.2
1/5/2015,32.95
1/6/2015,32.94
1/7/2015,33.54
1/8/2015,34.14
1/9/2015,34.06
1/12/2015,32.98
1/13/2015,32.92
1/14/2015,32.95
1/15/2015,33.12
1/16/2015,33.52
1/20/2015,32.97
1/21/2015,32.49
1/22/2015,32.05
1/23/2015,31.68
1/26/2015,31.16
1/27/2015,31.17
1/28/2015,30.34
1/29/2015,29.54
1/30/2015,30
2/2/2015,30.41
2/3/2015,30.8
2/4/2015,30.59
2/5/2015,31.71
2/6/2015,31.82
2/9/2015,32.01
2/10/2015,31.45
2/11/2015,31.75
2/12/2015,32.01
2/13/2015,32.4
2/17/2015,32.32
2/18/2015,31.89
2/19/2015,31.71
2/20/2015,31.36
2/23/2015,31.02
2/24/2015,31.3
2/25/2015,31.34
2/26/2015,31.47
2/27/2015,32.43
3/2/2015,32.28
3/3/2015,32.43
3/4/2015,31.66
3/5/2015,31.32
3/6/2015,31.03
3/9/2015,30.75
3/10/2015,30.71
3/11/2015,30.98
3/12/2015,30.75
3/13/2015,30.37
3/16/2015,30.27
3/17/2015,29.92
3/18/2015,30.51
3/19/2015,30.5
3/20/2015,30.56
3/23/2015,31.03
3/24/2015,30.99
3/25/2015,31.04
3/26/2015,31.17
3/27/2015,30.6
3/30/2015,30.49
3/31/2015,30.39
4/1/2015,30.57
4/2/2015,30.92
4/6/2015,31.14
4/7/2015,30.91
4/8/2015,30.58
4/9/2015,30.47
4/10/2015,30.72
4/13/2015,30.67
4/14/2015,30.93
4/15/2015,31.43
4/16/2015,31.39
4/17/2015,31.15
4/20/2015,31.22
4/21/2015,31.45
4/22/2015,31.44
4/23/2015,31.9
4/24/2015,31.55
4/27/2015,31.54
4/28/2015,31.11
4/29/2015,31.35
4/30/2015,31.39
5/1/2015,31.32
5/4/2015,32.35
5/5/2015,32.76
5/6/2015,32.92
5/7/2015,32.49
5/8/2015,32.96
5/11/2015,33.19
5/12/2015,32.97
5/13/2015,33.24
5/14/2015,33.34
5/15/2015,33.07
5/18/2015,32.78
5/19/2015,32.18
5/20/2015,32.58
5/21/2015,32.63
5/22/2015,32.02
5/26/2015,32.39
5/27/2015,31.98
5/28/2015,32.31
5/29/2015,33.58
6/1/2015,34.76
6/2/2015,34.42
6/3/2015,34.98
6/4/2015,34.78
6/5/2015,35.03
6/8/2015,34.35
6/9/2015,34.18
6/10/2015,34.12
6/11/2015,33.67
6/12/2015,33.52
6/15/2015,33.07
6/16/2015,33.28
6/17/2015,33.23
6/18/2015,32.63
6/19/2015,32.93
6/22/2015,33.3
6/23/2015,33.2
6/24/2015,33.52
6/25/2015,33.36
6/26/2015,33.22
6/29/2015,33.05
6/30/2015,33.56
7/1/2015,33.01
7/2/2015,33.36
7/6/2015,32.64
7/7/2015,31.41
7/8/2015,31.69
7/9/2015,32.37
7/10/2015,32.42
7/13/2015,32.74
7/14/2015,32.4
7/15/2015,31.78
7/16/2015,31.59
7/17/2015,31.91
7/20/2015,31.81
7/21/2015,32.06
7/22/2015,31.1
7/23/2015,30.94
7/24/2015,30.23
7/27/2015,29.86
7/28/2015,30.41
7/29/2015,30.09
7/30/2015,30.16
7/31/2015,29.86
8/3/2015,29.73
8/4/2015,29.71
8/5/2015,30.26
8/6/2015,30.29
8/7/2015,30.66
8/10/2015,30.91
8/11/2015,30.58
8/12/2015,29.53
8/13/2015,29.37
8/14/2015,29.46
8/17/2015,29.44
8/18/2015,28.7
8/19/2015,28.27
8/20/2015,28.23
8/21/2015,27.61
8/24/2015,26.8
8/25/2015,27.07
8/26/2015,26.37
8/27/2015,27.14
8/28/2015,28.04
8/31/2015,28.17
9/1/2015,27.47
9/2/2015,26.64
9/3/2015,26.64
9/4/2015,26.32
9/8/2015,26.73
9/9/2015,26.48
9/10/2015,26.83
9/11/2015,26.53
9/14/2015,26.81
9/15/2015,26.35
9/16/2015,26.06
9/17/2015,26.05
9/18/2015,25.43
9/21/2015,25.88
9/22/2015,25.51
9/23/2015,25.83
9/24/2015,26.48
9/25/2015,27.22
9/28/2015,26.68
9/29/2015,26.96
9/30/2015,26.23
10/1/2015,26.22
10/2/2015,26.97
10/5/2015,27.61
10/6/2015,27.64
10/7/2015,27.42
10/8/2015,27.17
10/9/2015,27.17
10/13/2015,27.54
10/14/2015,27.58
10/15/2015,27.33
10/16/2015,27.35
10/19/2015,26.89
10/20/2015,27.41
10/21/2015,27.81
10/22/2015,27.6
10/23/2015,27.2
10/26/2015,26.41
10/27/2015,26.52
10/28/2015,26.74
10/29/2015,26.51
10/30/2015,26.83
11/2/2015,26.48
11/3/2015,26.78
11/4/2015,27.13
11/5/2015,26.46
11/6/2015,26.67
11/9/2015,26.4
11/10/2015,25.9
11/12/2015,25.94
11/13/2015,25.54
11/16/2015,25.79
11/17/2015,25.97
11/18/2015,25.94
11/19/2015,26.05
11/20/2015,26.4
11/23/2015,26.41
11/24/2015,26.81
11/25/2015,27.39
11/30/2015,27.6
12/1/2015,28.28
12/2/2015,29.15
12/3/2015,29.47
12/4/2015,30.68
12/7/2015,29.86
12/8/2015,30.11
12/9/2015,29.99
12/10/2015,30.67
12/11/2015,30.24
12/14/2015,30
12/15/2015,29.58
12/16/2015,29.37
12/17/2015,29.2
12/18/2015,29.66
12/21/2015,29.9
12/22/2015,29.57
12/23/2015,29.65
12/24/2015,30
12/28/2015,29.33
12/29/2015,29.65
12/30/2015,29.97
12/31/2015,29.68
1/4/2016,29.06
1/5/2016,28.76
1/6/2016,28.66
1/7/2016,28.5
1/8/2016,28.52
1/11/2016,28.13
1/12/2016,28.06
1/13/2016,28.42
1/14/2016,28.63
1/15/2016,28.53
1/19/2016,28.91
1/20/2016,28.69
1/21/2016,28.82
1/22/2016,29.38
1/25/2016,29.32
1/26/2016,29.62
1/27/2016,29.75
1/28/2016,29.57
1/29/2016,29.76
2/1/2016,29.64
2/2/2016,29.67
2/3/2016,29.86
2/4/2016,29.99
2/5/2016,29.98
2/8/2016,29.5
2/9/2016,29.44
2/10/2016,29.64
2/11/2016,30.22
2/12/2016,30.43
2/16/2016,30.24
2/17/2016,30.49
2/18/2016,30.33
2/19/2016,29.89
2/22/2016,29.99
2/23/2016,29.25
2/24/2016,29.42
2/25/2016,29.15
2/26/2016,29.53
2/29/2016,29.14
3/1/2016,28.82
3/2/2016,28.67
3/3/2016,28.99
3/4/2016,29.34
3/7/2016,29.55
3/8/2016,29.52
3/9/2016,30.12
3/10/2016,30
3/11/2016,30.51
3/14/2016,30.83
3/15/2016,30.87
3/16/2016,31.07
3/17/2016,31.79
3/18/2016,31.8
3/21/2016,31.96
3/22/2016,32.31
3/23/2016,31.74
3/24/2016,31.56
3/28/2016,32.01
3/29/2016,32.43
3/30/2016,32.29
3/31/2016,32.72
4/1/2016,32.95
4/4/2016,33.19
4/5/2016,32.49
4/6/2016,32.76
4/7/2016,32.6
4/8/2016,32.44
4/11/2016,32.4
4/12/2016,32.19
4/13/2016,32.46
4/14/2016,32.19
4/15/2016,31.88
4/18/2016,32.45
4/19/2016,33.28
4/20/2016,33.14
4/21/2016,32.71
4/22/2016,32.49
4/25/2016,32.4
4/26/2016,32.44
4/27/2016,32.12
4/28/2016,31.55
4/29/2016,31.38
5/2/2016,30.69
5/3/2016,30.63
5/4/2016,30.97
5/5/2016,30.76
5/6/2016,31.56
5/9/2016,31.33
5/10/2016,31.94
5/11/2016,31.86
5/12/2016,31.2
5/13/2016,31.13
5/16/2016,31.42
5/17/2016,31.41
5/18/2016,31.08
5/19/2016,30.54
5/20/2016,29.9
5/23/2016,29.78
5/24/2016,29.52
5/25/2016,29.97
5/26/2016,29.67
5/27/2016,30.11
5/31/2016,30.45
6/1/2016,30.82
6/2/2016,30.89
6/3/2016,30.89
6/6/2016,31.14
6/7/2016,30.92
6/8/2016,31.27
6/9/2016,31.41
6/10/2016,31.14
6/13/2016,30.89
6/14/2016,30.9
6/15/2016,30.34
6/16/2016,29.54
6/17/2016,30.31
6/20/2016,30.02
6/21/2016,29.74
6/22/2016,29.93
6/23/2016,30.13
6/24/2016,29.37
6/27/2016,29.64
6/28/2016,29.49
6/29/2016,29.2
6/30/2016,29.76
7/1/2016,29.41
7/5/2016,29.2
7/6/2016,28.63
7/7/2016,28.11
7/8/2016,28.65
7/11/2016,28.63
7/12/2016,29.09
7/13/2016,29.11
7/14/2016,29.05
7/15/2016,29.27
7/18/2016,29.32
7/19/2016,29.04
7/20/2016,29.09
7/21/2016,29.44
7/22/2016,28.59
7/25/2016,27.84
7/26/2016,27.94
7/27/2016,27.91
7/28/2016,27.99
7/29/2016,28.85
8/1/2016,28.25
8/2/2016,28.56
8/3/2016,28.8
8/4/2016,29.04
8/5/2016,29.02
8/8/2016,29.43
8/9/2016,29.67
8/10/2016,30.07
8/11/2016,30.29
8/12/2016,30.78
8/15/2016,31.96
8/16/2016,32.13
8/17/2016,33.01
8/18/2016,33.32
8/19/2016,33.39
8/22/2016,33.27
8/23/2016,33.27
8/24/2016,32.95
8/25/2016,32.29
8/26/2016,32.33
8/29/2016,32.19
8/30/2016,32.11
8/31/2016,31.73
9/1/2016,31.42
9/2/2016,31.9
9/6/2016,31.99
9/7/2016,32.02
9/8/2016,32.13
9/9/2016,32.23
9/12/2016,31.51
9/13/2016,30.73
9/14/2016,30.75
9/15/2016,31.17
9/16/2016,31.11
9/19/2016,31.96
9/20/2016,32.96
9/21/2016,32.65
9/22/2016,33.21
9/23/2016,32.56
9/26/2016,32.37
9/27/2016,32.37
9/28/2016,31.89
9/29/2016,32.34
9/30/2016,32.49
10/3/2016,32.3
10/4/2016,32.14
10/5/2016,32.09
10/6/2016,32.55
10/7/2016,32.56
10/11/2016,32.6
10/12/2016,32.59
10/13/2016,32.63
10/14/2016,33.63
10/17/2016,34.69
10/18/2016,34.32
10/19/2016,34.78
10/20/2016,34.55
10/21/2016,34.75
10/24/2016,35.62
10/25/2016,35.43
10/26/2016,35.35
10/27/2016,34.74
10/28/2016,35.04
10/31/2016,34.8
11/1/2016,34.48
11/2/2016,34.61
11/3/2016,34.73
11/4/2016,34.34
11/7/2016,34.42
11/8/2016,34.94
11/9/2016,33.94
11/10/2016,34.4
11/14/2016,33.58
11/15/2016,33.84
11/16/2016,33.73
11/17/2016,33.33
11/18/2016,33.68
11/21/2016,34.27
11/22/2016,34.11
11/23/2016,36.23
11/28/2016,35.84
11/29/2016,35.49
11/30/2016,36.04
12/1/2016,37.02
12/2/2016,37.01
12/5/2016,36.99
12/6/2016,37.12
12/7/2016,37.43
12/8/2016,36.76
12/9/2016,36.44
12/12/2016,36.47
12/13/2016,36.28
12/14/2016,36.42
12/15/2016,36.24
12/16/2016,36.24
12/19/2016,36.06
12/20/2016,35.56
12/21/2016,34.79
12/22/2016,33.54
12/23/2016,33.35
12/27/2016,33.87
12/28/2016,33.36
12/29/2016,33.02
12/30/2016,32.92
1/3/2017,33.07
1/4/2017,33.71
1/5/2017,33.72
1/6/2017,33.48
1/9/2017,33.99
1/10/2017,34.14
1/11/2017,34.5
1/12/2017,34.57
1/13/2017,34.1
1/17/2017,34.06
1/18/2017,34.08
1/19/2017,33.94
1/20/2017,33.65
1/23/2017,33.63
1/24/2017,33.78
1/25/2017,33.37
1/26/2017,32.97
1/27/2017,32.77
1/30/2017,31.96
1/31/2017,32.2
2/1/2017,32.66
2/2/2017,32.94
2/3/2017,32.21
2/6/2017,32.79
2/7/2017,32.65
2/8/2017,33.04
2/9/2017,33.02
2/10/2017,32.96
2/13/2017,32.52
2/14/2017,32.49
2/15/2017,32.29
2/16/2017,31.87
2/17/2017,33.58
2/21/2017,31.02
2/22/2017,31.07
2/23/2017,30.42
2/24/2017,30.49
2/27/2017,30.45
2/28/2017,31.79
3/1/2017,32.59
3/2/2017,31.98
3/3/2017,32.38
3/6/2017,32.27
3/7/2017,31.73
3/8/2017,31.54
3/9/2017,31.11
3/10/2017,30.68
3/13/2017,30.12
3/14/2017,30.3
3/15/2017,30.22
3/16/2017,30.26
3/17/2017,30.3
3/20/2017,30.74
3/21/2017,31.14
3/22/2017,31.52
3/23/2017,31.22
3/24/2017,30.23
3/27/2017,30.04
3/28/2017,30.22
3/29/2017,29.96
3/30/2017,29.76
3/31/2017,29.53
4/3/2017,29.17
4/4/2017,29.18
4/5/2017,29.58
4/6/2017,29.37
4/7/2017,29.62
4/10/2017,29.35
4/11/2017,29.07
4/12/2017,29.24
4/17/2017,29.93
4/18/2017,29.27
4/19/2017,29.71
4/20/2017,30.05
4/21/2017,30.07
4/25/2017,29.71
4/26/2017,30.04
4/27/2017,29.83
4/28/2017,29.58
5/1/2017,30.02
5/3/2017,30.69
5/4/2017,30.63
5/5/2017,31.03
5/8/2017,31.07
5/9/2017,31.02
5/10/2017,30.41
5/11/2017,30.62
5/12/2017,30.97
5/15/2017,31.15
5/16/2017,31.14
5/17/2017,31.28
5/18/2017,30.57
5/19/2017,31.17
5/22/2017,31.07
5/23/2017,30.47
5/24/2017,30.41
5/25/2017,30.17
5/26/2017,29.73
5/30/2017,29.55
5/31/2017,29.47
6/1/2017,29.38
6/2/2017,29.14
6/5/2017,29.44
6/6/2017,29.52
6/7/2017,29.86
6/8/2017,30.6
6/9/2017,31.04
6/12/2017,30.69
6/13/2017,30.84
6/14/2017,30.84
6/15/2017,31.74
6/16/2017,32.11
6/19/2017,31.82
6/20/2017,31.02
6/21/2017,30.73
6/22/2017,30.43
6/23/2017,30.49
6/26/2017,30.4
6/27/2017,31.21
6/28/2017,31.25
6/29/2017,31.67
6/30/2017,32.18
7/3/2017,32.88
7/5/2017,32.49
7/6/2017,32.15
7/7/2017,32.1
7/10/2017,32.93
7/11/2017,33.06
7/12/2017,32.77
7/13/2017,32.32
7/14/2017,32.49
7/17/2017,32.26
7/18/2017,32.42
7/19/2017,32.71
7/20/2017,33.22
7/21/2017,33.05
7/24/2017,32.86
7/25/2017,32.75
7/26/2017,32.98
7/27/2017,33.1
7/28/2017,33.86
7/31/2017,33.96
8/1/2017,33.22
8/2/2017,33.51
8/3/2017,32.73
8/4/2017,32.94
8/7/2017,32.83
8/8/2017,33.12
8/9/2017,33.44
8/10/2017,33.04
8/11/2017,32.88
8/14/2017,32.67
8/15/2017,31.96
8/16/2017,32.1
8/17/2017,32.46
8/18/2017,32.86
8/21/2017,33.05
8/22/2017,33.31
8/23/2017,33.97
8/24/2017,34.03
8/25/2017,33.86
8/28/2017,33.84
8/29/2017,33.53
8/30/2017,33.58
8/31/2017,33.96
9/1/2017,34.67
9/5/2017,34.44
9/6/2017,34.55
9/7/2017,34.43
9/8/2017,33.93
9/11/2017,34.13
9/12/2017,34.18
9/13/2017,33.83
9/14/2017,33.83
9/15/2017,33.56
9/18/2017,33.19
9/19/2017,33.52
9/20/2017,33.67
9/21/2017,33.1
9/22/2017,32.49
9/25/2017,32.28
9/26/2017,31.73
9/27/2017,31.65
9/28/2017,31.22
9/29/2017,31.19
10/2/2017,31.15
10/3/2017,31.38
10/4/2017,31.85
10/5/2017,31.63
10/6/2017,31.58
10/10/2017,31.74
10/11/2017,31.77
10/12/2017,31.91
10/13/2017,32.31
10/16/2017,32.22
10/17/2017,32.22
10/18/2017,32.03
10/19/2017,32.46
10/20/2017,32.78
10/23/2017,33.26
10/24/2017,32.97
10/25/2017,32.88
10/26/2017,33.13
10/27/2017,33.47
10/30/2017,33.31
10/31/2017,33.38
11/1/2017,33.53
11/2/2017,33.49
11/3/2017,33.04
11/6/2017,33.35
11/7/2017,34.15
11/8/2017,34.49
11/9/2017,34.26
11/10/2017,33.94
11/13/2017,33.46
11/14/2017,33.13
11/15/2017,33.88
11/16/2017,33.56
11/17/2017,33.56
11/20/2017,33.08
11/21/2017,33.3
11/22/2017,33.17
11/27/2017,32.6
11/28/2017,33
11/29/2017,32.95
11/30/2017,32.75
12/1/2017,32.69
12/4/2017,32.44
12/5/2017,32.5
12/6/2017,32.17
12/7/2017,32.33
12/8/2017,32.62
12/11/2017,32.46
12/12/2017,32.45
12/13/2017,32.21
12/14/2017,32.18
12/15/2017,32.41
12/18/2017,32.27
12/19/2017,32.47
12/20/2017,32.21
12/21/2017,31.8
12/22/2017,31.83
12/26/2017,32.33
12/27/2017,32.19
12/28/2017,31.63
12/29/2017,32.21
1/2/2018,32.13
1/3/2018,32.47
1/4/2018,32.44
1/5/2018,32.33
1/8/2018,32.12
1/9/2018,32.28
1/10/2018,32.03
1/11/2018,31.73
1/12/2018,31.7
1/16/2018,31.36
1/17/2018,31.08
1/18/2018,30.81
1/19/2018,30.88
1/22/2018,30.76
1/23/2018,31.12
1/24/2018,31.28
1/25/2018,31.1
1/26/2018,31.39
1/29/2018,31.47
1/30/2018,31.68
1/31/2018,31.67
2/1/2018,31.5
2/2/2018,30.99
2/5/2018,30.98
2/6/2018,31.64
2/7/2018,31.03
2/8/2018,30.68
2/9/2018,30.43
2/12/2018,30.33
2/13/2018,30.05
2/14/2018,30.27
2/15/2018,30.17
2/16/2018,30.01
2/20/2018,30.21
2/21/2018,30.42
2/22/2018,30.39
2/23/2018,30.71
2/26/2018,30.97
2/27/2018,30.54
2/28/2018,30.58
3/1/2018,30.74
3/2/2018,30.65
3/5/2018,30.56
3/6/2018,30.83
3/7/2018,30.45
3/8/2018,30.19
3/9/2018,29.94
3/12/2018,30.1
3/13/2018,30.57
3/14/2018,30.06
3/15/2018,30.41
3/16/2018,30.33
3/19/2018,30.41
3/20/2018,30.09
3/21/2018,30.72
3/22/2018,30.23
3/23/2018,29.77
3/26/2018,29.81
3/27/2018,29.93
3/28/2018,29.97
3/29/2018,30.22
4/2/2018,30.39
4/3/2018,30.69
4/4/2018,30.03
4/5/2018,30.13
4/6/2018,29.88
4/9/2018,29.87
4/10/2018,30.2
4/11/2018,29.88
4/12/2018,29.98
4/13/2018,29.83
4/16/2018,29.53
4/17/2018,29.54
4/18/2018,29.78
4/19/2018,29.76
4/20/2018,29.65
4/23/2018,29.39
4/24/2018,29.36
4/25/2018,29.14
4/26/2018,29.16
4/27/2018,28.78
4/30/2018,28.7
5/1/2018,28.43
5/2/2018,28.72
5/3/2018,28.93
5/4/2018,28.91
5/7/2018,29.22
5/8/2018,29.04
5/9/2018,29.38
5/10/2018,29.48
5/11/2018,29.66
5/14/2018,29.6
5/15/2018,29.47
5/16/2018,28.94
5/17/2018,29.29
5/18/2018,29.33
5/21/2018,29.77
5/22/2018,29.86
5/23/2018,30.05
5/24/2018,30.06
5/25/2018,29.69
5/29/2018,29.56
5/30/2018,29.83
5/31/2018,29.47
6/1/2018,29.54
6/4/2018,29.28
6/5/2018,29.14
6/6/2018,29
6/7/2018,28.95
6/8/2018,28.87
6/11/2018,28.93
6/12/2018,28.4
6/13/2018,28.43
6/14/2018,28.49
6/15/2018,27.85
6/18/2018,27.92
6/19/2018,27.2
6/20/2018,27.72
6/21/2018,27.92
6/22/2018,27.93
6/25/2018,27.67
6/26/2018,27.67
6/27/2018,27.74
6/28/2018,27.74
6/29/2018,27.84
7/2/2018,27.63
7/3/2018,27.49
7/5/2018,27.32
7/6/2018,27.77
7/9/2018,27.61
7/10/2018,27.87
7/11/2018,27.31
7/12/2018,27.15
7/13/2018,26.84
7/16/2018,26.52
7/17/2018,26.61
7/18/2018,26.95
7/19/2018,26.71
7/20/2018,27.15
7/23/2018,26.85
7/24/2018,27.12
7/25/2018,27.28
7/26/2018,27.02
7/27/2018,27.43
7/30/2018,27.19
7/31/2018,27.61
8/1/2018,27.33
8/2/2018,27
8/3/2018,27.23
8/6/2018,27.17
8/7/2018,27.63
8/8/2018,27.47
8/9/2018,27.42
8/10/2018,26.98
8/13/2018,27.24
8/14/2018,27.16
8/15/2018,27.38
8/16/2018,27.65
8/17/2018,27.73
8/20/2018,28.04
8/21/2018,28.09
8/22/2018,27.72
8/23/2018,27.78
8/27/2018,28.12
8/28/2018,27.93
8/29/2018,27.2
8/30/2018,27.2
8/31/2018,27.2
9/4/2018,27.6
9/5/2018,27.6
9/6/2018,27.6
9/7/2018,27.6
9/10/2018,27.6
9/11/2018,27.6
9/12/2018,27.6
9/14/2018,27.12
9/17/2018,27.06
9/18/2018,26.75
9/19/2018,26.88
9/20/2018,27.23
9/21/2018,27.72
9/24/2018,27.89
9/25/2018,28.11
9/26/2018,27.6
9/27/2018,27.6
9/28/2018,27.6
10/1/2018,28.89
10/2/2018,29.24
10/3/2018,29.72
10/4/2018,29.49
10/5/2018,29.29
10/9/2018,29.14
10/10/2018,28.81
10/11/2018,28.9
10/12/2018,29.27
10/15/2018,29.64
10/16/2018,29.54
10/17/2018,29.44
10/18/2018,28.9
10/19/2018,29.02
10/22/2018,29.03
10/23/2018,28.64
10/24/2018,28.49
10/25/2018,28.22
10/26/2018,27.99
10/29/2018,27.73
10/30/2018,27.83
10/31/2018,27.83
11/1/2018,27.85
11/2/2018,28.03
11/5/2018,27.73
11/6/2018,27.73
11/7/2018,28.03
11/8/2018,27.85
11/9/2018,27.45
11/12/2018,27.53
11/13/2018,27.38
11/14/2018,27.4
11/15/2018,27.52
11/16/2018,27.2
11/19/2018,27.15
11/20/2018,27.17
11/21/2018,27.63
11/26/2018,26.79
11/27/2018,26.86
11/28/2018,27.43
11/29/2018,27.38
11/30/2018,27.52
12/3/2018,28.27
12/4/2018,28.6
12/5/2018,28.54
12/6/2018,28.41
12/7/2018,28.44
12/10/2018,28.46
12/11/2018,28.66
12/12/2018,28.97
12/13/2018,28.75
12/14/2018,28.42
12/17/2018,28.09
12/18/2018,28.33
12/19/2018,28.39
12/20/2018,28.13
12/21/2018,27.82
12/24/2018,27.67
12/26/2018,27.28
12/27/2018,27.06
12/28/2018,27.27
12/31/2018,27.3
1/2/2019,27.65
1/3/2019,27.93
1/4/2019,28.16
1/7/2019,28.01
1/8/2019,27.93
1/9/2019,28.07
1/10/2019,27.69
1/11/2019,27.92
1/14/2019,28
1/15/2019,27.84
1/16/2019,27.83
1/17/2019,28.12
1/18/2019,28.36
1/22/2019,28.41
1/23/2019,28.73
1/24/2019,28.86
1/25/2019,29.38
1/28/2019,29.65
1/29/2019,29.46
1/30/2019,29.77
1/31/2019,29.52
2/1/2019,29.24
2/4/2019,29.48
2/5/2019,29.73
2/6/2019,30.25
2/7/2019,30.16
2/8/2019,30.22
2/11/2019,29.59
2/12/2019,29.68
2/13/2019,29.34
2/14/2019,29.24
2/15/2019,29.3
2/19/2019,29.09
2/20/2019,29.31
2/21/2019,29.84
2/22/2019,29.86
2/25/2019,29.71
2/26/2019,29.44
2/27/2019,29.15
2/28/2019,29.31
3/1/2019,29.3
3/4/2019,29.13
3/5/2019,29.27
3/6/2019,29.03
3/7/2019,28.92
3/8/2019,28.9
3/11/2019,28.89
3/12/2019,29.24
3/13/2019,29.18
3/14/2019,28.82
3/15/2019,28.68
3/18/2019,28.69
3/19/2019,28.49
3/20/2019,28.52
3/21/2019,28.35
3/22/2019,27.91
3/25/2019,28.07
3/26/2019,27.9
3/27/2019,28.07
3/28/2019,28
3/29/2019,27.74
4/1/2019,27.95
4/2/2019,28.34
4/3/2019,28.18
4/4/2019,28.58
4/5/2019,28.52
4/8/2019,28.25
4/9/2019,28.42
4/10/2019,28.44
4/11/2019,28.35
4/12/2019,28.33
4/15/2019,28.18
4/16/2019,28.09
4/17/2019,27.83
4/18/2019,28.17
4/22/2019,28.08
4/23/2019,27.18
4/24/2019,27.05
4/25/2019,26.76
4/26/2019,26.65
4/29/2019,27
4/30/2019,26.71
5/1/2019,26.7
5/2/2019,26.35
5/3/2019,26.19
5/6/2019,25.97
5/7/2019,26.6
5/8/2019,26.5
5/9/2019,26.13
5/10/2019,26.29
5/13/2019,26.11
5/14/2019,26.5
5/15/2019,26.74
5/16/2019,27.22
5/17/2019,26.72
5/21/2019,26.64
5/22/2019,27.81
5/23/2019,27.28
5/24/2019,27.51
5/28/2019,27.79
5/29/2019,28.23
5/30/2019,28.28
5/31/2019,28.09
6/3/2019,27.84
6/4/2019,27.99
6/5/2019,27.57
6/6/2019,28.11
6/7/2019,27.73
6/10/2019,27.73
6/11/2019,27.57
6/12/2019,27.91
6/13/2019,28.37
6/14/2019,27.96
6/17/2019,28.54
6/18/2019,28.73
6/19/2019,28.77
6/20/2019,28.99
6/21/2019,28.84
6/24/2019,28.75
6/25/2019,28.4
6/26/2019,28.21
6/27/2019,28.21
6/28/2019,28.64
7/1/2019,27.73
7/2/2019,27.43
7/3/2019,27.8
7/5/2019,27.18
7/8/2019,27.61
7/9/2019,27.64
7/10/2019,27.72
7/11/2019,27.81
7/12/2019,27.93
7/15/2019,27.91
7/16/2019,27.61
7/17/2019,27.31
7/18/2019,27.26
7/19/2019,27.73
7/22/2019,27.35
7/23/2019,27.64
7/24/2019,27.92
7/25/2019,27.9
7/26/2019,28.09
7/29/2019,28.06
7/30/2019,27.93
7/31/2019,27.38
8/1/2019,27.42
8/2/2019,27.94
8/5/2019,27.5
8/6/2019,27.18
8/7/2019,27.64
8/8/2019,28.64
8/9/2019,29.2
8/12/2019,29.28
8/13/2019,28.8
8/14/2019,28.92
8/15/2019,29.19
8/16/2019,29.25
8/19/2019,28.81
8/20/2019,28.56
8/21/2019,28.86
8/22/2019,28.67
8/23/2019,28.47
8/26/2019,28.45
8/27/2019,27.76
8/28/2019,27.86
8/29/2019,28.12
8/30/2019,28.39
9/3/2019,28.62
9/4/2019,28.59
9/5/2019,28.21
9/6/2019,28.21
9/9/2019,28.01
9/10/2019,28.1
9/11/2019,28.4
9/12/2019,28.76
9/13/2019,29.04
9/16/2019,29.89
9/17/2019,29.6
9/18/2019,29.62
9/19/2019,29.56
9/20/2019,29.03
9/23/2019,28.94
9/24/2019,28.95
9/25/2019,28.79
9/26/2019,28.76
9/27/2019,28.37
9/30/2019,28.74
10/1/2019,28.68
10/2/2019,29.01
10/3/2019,29.69
10/4/2019,29.66
10/7/2019,29.86
10/8/2019,29.62
10/9/2019,29.51
10/10/2019,29.58
10/11/2019,29.77
10/16/2019,30.2
10/17/2019,30.19
10/18/2019,30.16
10/21/2019,30.28
10/22/2019,30.77
10/23/2019,30.5
10/24/2019,31.26
10/25/2019,30.89
10/28/2019,30.7
10/29/2019,30.92
10/30/2019,30.91
10/31/2019,30.67
11/1/2019,30.95
11/4/2019,31.8
11/5/2019,31.5
11/6/2019,31.67
11/7/2019,31.35
11/8/2019,31.42
11/12/2019,30.78
11/13/2019,30.28
11/14/2019,30.53
11/15/2019,30.18
11/18/2019,30.39
11/19/2019,30.71
11/20/2019,30.83
11/21/2019,29.89
11/22/2019,30.08
11/25/2019,29.64
11/26/2019,29.42
11/27/2019,29.69
12/2/2019,29.28
12/3/2019,29.32
12/4/2019,29.59
12/5/2019,29.83
12/6/2019,30.55
12/9/2019,30.92
12/10/2019,31
12/11/2019,31.01
12/12/2019,31.81
12/13/2019,32.17
12/16/2019,32.72
12/17/2019,33.65
12/18/2019,33.26
12/19/2019,33.62
12/20/2019,33.62
12/23/2019,33.6
12/24/2019,33.69
12/26/2019,34.21
12/27/2019,34.56
12/30/2019,34.99
12/31/2019,34.31
1/2/2020,35.24
1/3/2020,35.08
1/6/2020,34.52
1/7/2020,34.62
1/8/2020,34.44
1/9/2020,34.51
1/10/2020,34.22
1/13/2020,33.83
1/14/2020,33.94
1/15/2020,33.17
1/16/2020,32.9
1/17/2020,33.22
1/21/2020,32.63
1/22/2020,32.9
1/23/2020,32.35
1/24/2020,31.9
1/27/2020,31.4
1/28/2020,31.33
1/29/2020,31.4
1/30/2020,30.5
1/31/2020,29.82
2/3/2020,30.17
2/4/2020,30.85
2/5/2020,31.44
2/6/2020,31.36
2/7/2020,31.09
2/10/2020,30.75
2/11/2020,30.84
2/12/2020,30.98
2/13/2020,30.67
2/14/2020,30.52
2/18/2020,30.43
2/19/2020,30.24
2/20/2020,30.02
2/21/2020,30.54
2/24/2020,29.39
2/25/2020,29.13
2/26/2020,29.19
2/27/2020,28.95
2/28/2020,28.43
3/2/2020,28.99
3/3/2020,29.24
3/4/2020,29.82
3/5/2020,29.47
3/6/2020,28.83
3/9/2020,27.61
3/10/2020,27.87
3/11/2020,27.53
3/12/2020,26.38
3/13/2020,26.37
3/16/2020,24.99
3/17/2020,25.24
3/18/2020,25.04
3/19/2020,25.43
3/20/2020,25.59
3/23/2020,26.09
3/24/2020,26.38
3/25/2020,26.47
3/26/2020,26.33
3/27/2020,26.67
3/30/2020,26.69
3/31/2020,26.83
4/1/2020,25.88
4/2/2020,26.07
4/3/2020,26.25
4/6/2020,26.66
4/7/2020,27.31
4/8/2020,27
4/9/2020,27.24
4/13/2020,26.38
4/14/2020,26.09
4/15/2020,25.9
4/16/2020,25.65
4/17/2020,25.64
4/20/2020,25.33
4/21/2020,24.7
4/22/2020,24.87
4/23/2020,24.91
4/24/2020,24.35
4/27/2020,24.29
4/28/2020,24.62
4/29/2020,25.02
4/30/2020,25.45
5/1/2020,25.35
5/4/2020,25
5/5/2020,24.91
5/6/2020,24.44
5/7/2020,24.86
5/8/2020,25.14
5/11/2020,25.09
5/12/2020,24.61
5/13/2020,24.51
5/14/2020,24.78
5/15/2020,25.18
5/18/2020,25.92
5/19/2020,25.57
5/20/2020,25.83
5/21/2020,25.58
5/22/2020,25.11
5/26/2020,25.75
5/27/2020,26.08
5/28/2020,25.86
5/29/2020,25.85
6/1/2020,26.08
6/2/2020,26.94
6/3/2020,26.86
6/4/2020,26.82
6/5/2020,27.14
6/8/2020,27.1
6/9/2020,26.88
6/10/2020,26.65
6/11/2020,26.15
6/12/2020,26.15
6/15/2020,26.39
6/16/2020,26.64
6/17/2020,26.75
6/18/2020,26.71
6/19/2020,27.17
6/22/2020,27
6/23/2020,26.82
6/24/2020,26.3
6/25/2020,26.19
6/26/2020,25.85
6/29/2020,26.27
6/30/2020,26.63
7/1/2020,27.49
7/2/2020,27.22
7/6/2020,27.67
7/7/2020,28
7/8/2020,27.67
7/9/2020,27.42
7/10/2020,27.34
7/13/2020,27.2
7/14/2020,27.58
7/15/2020,27.92
7/16/2020,29.09
7/17/2020,29.75
7/20/2020,29.75
7/21/2020,29.9
7/22/2020,29.75
7/23/2020,29.61
7/24/2020,29.63
7/27/2020,29.42
7/28/2020,29.25
7/29/2020,29.69
7/30/2020,29.86
7/31/2020,30.44
8/3/2020,31.19
8/4/2020,31.02
8/5/2020,31.08
8/6/2020,31.65
8/7/2020,31.27
8/10/2020,31.18
8/11/2020,31.05
8/12/2020,31.99
8/13/2020,31.66
8/14/2020,31.49
8/17/2020,31.73
8/18/2020,32.01
8/19/2020,32.1
8/20/2020,31.73
8/21/2020,31.83
8/24/2020,32.08
8/25/2020,32.41
8/26/2020,33.62
8/27/2020,34.69
8/28/2020,34.76
8/31/2020,34.33
9/1/2020,34.13
9/2/2020,34.76
9/3/2020,34.51
9/4/2020,34.15
9/8/2020,33.77
9/9/2020,33.5
9/10/2020,33.65
9/11/2020,34.24
9/14/2020,34.73
9/15/2020,34.58
9/16/2020,35.44
9/17/2020,35.41
9/18/2020,35.73
9/21/2020,34.77
9/22/2020,34.17
9/23/2020,33.19
9/24/2020,32.86
9/25/2020,33.34
9/28/2020,33.79
9/29/2020,33.31
9/30/2020,33.76
10/1/2020,33.04
10/2/2020,32.28
10/5/2020,33.19
10/6/2020,33.72
10/7/2020,33.65
10/8/2020,33.63
10/9/2020,34.63
10/13/2020,34.24
10/14/2020,34.51
10/15/2020,33.79
10/16/2020,33.62
10/19/2020,33.15
10/20/2020,33.94
10/21/2020,33.83
10/22/2020,34.31
10/23/2020,34.74
10/26/2020,35.08
10/27/2020,34.74
10/28/2020,34.04
10/29/2020,34.06
10/30/2020,34.61
11/2/2020,34.19
11/3/2020,34.65
11/4/2020,35.14
11/5/2020,36.22
11/6/2020,36.09
11/9/2020,36.23
11/10/2020,37.06
11/12/2020,38.05
11/13/2020,38.13
11/16/2020,38.43
11/17/2020,38.5
11/18/2020,39.46
11/19/2020,39.81
11/20/2020,39.66
11/23/2020,39.55
11/24/2020,39.69
11/25/2020,39.81
11/30/2020,39.51
12/1/2020,39.03
12/2/2020,39.1
12/3/2020,40.31
12/4/2020,40.81
12/7/2020,40.49
12/8/2020,39.9
12/9/2020,38.86
12/10/2020,39.06
12/11/2020,39.24
12/14/2020,39.73
12/15/2020,40.19
12/16/2020,40.05
12/17/2020,40.93
12/18/2020,41.07
12/21/2020,40.96
12/22/2020,41.55
12/23/2020,42.35
12/28/2020,42.72
12/29/2020,43.48
12/30/2020,43.67
12/31/2020,44.33
1/4/2021,43.93
1/5/2021,44.72
1/6/2021,44.97
1/7/2021,44.92
1/8/2021,44.72
1/11/2021,43.76
1/12/2021,43.76
1/13/2021,43.31
1/14/2021,44.24
1/15/2021,42.97
1/19/2021,42.83
1/20/2021,43.92
1/21/2021,44.81
1/22/2021,43.65
1/25/2021,44.31
1/26/2021,45.29
1/27/2021,45.65
1/28/2021,45.78
1/29/2021,45.74
2/1/2021,46.1
2/2/2021,45.44
2/3/2021,45.73
2/4/2021,46.19
2/5/2021,45.91
2/8/2021,46.88
2/9/2021,47.77
2/10/2021,46.94
2/11/2021,47.13
2/12/2021,47.54
2/16/2021,48.66
2/17/2021,48.52
2/18/2021,48.66
2/19/2021,49.3
2/22/2021,49.65
2/23/2021,51.01
2/24/2021,52.34
2/25/2021,52.34
2/26/2021,52.72
3/2/2021,53.4
3/9/2021,55.68
3/16/2021,58.97
3/23/2021,60.9
3/30/2021,54.96
4/6/2021,58.42
4/13/2021,58.43
4/20/2021,63.85
4/27/2021,70.82
5/4/2021,70.83
5/11/2021,73.3
5/18/2021,77.17
5/25/2021,77.69
6/1/2021,78.39
6/8/2021,81.08
6/15/2021,76.07
6/22/2021,70.67
6/29/2021,69.61
7/6/2021,71.12
7/13/2021,75.04
